Лаврентий Ярославович Носов;Нерчинск;алл. Машиностроителей, д. 655;Мазда Мотор Рус (Mazda);Фермер;+7 (187) 683-6095;elena38@mail.ru;1969-12-21;35163
Жуков Денис Федотович;Усть-Илимск;ш. Чапаева, д. 51 стр. 47;Бристоль;Водитель;+74583400027;maksimiljan78@hotmail.com;1973-03-07;190397
София Эльдаровна Фомина;Кинешма;бул. З.Космодемьянской, д. 560;Компания Адамас;Штукатур;8 (706) 349-28-17;aleksandrovviktor@mail.ru;1961-12-07;24333
Мельникова Евдокия Эдуардовна;Канск;наб. Курортная, д. 9;Авеста Фармацевтика (Baby Dream);Психолог;8 414 084 40 24;efimovanatalja@yahoo.com;1956-01-10;179123
Субботин Велимир Давыдович;Челюскин;ул. Учительская, д. 3/6;Группа Газфонд;Маркетолог;+7 190 601 6578;safonovrostislav@yahoo.com;1970-03-31;33448
Рожков Эрнест Ефремович;Кунгур;ул. Сиреневая, д. 7 к. 432;НОВАТЭК;Дипломат;+71178223587;akulina_1985@yahoo.com;1983-12-05;51422
Максимова Елизавета Олеговна;Глазов;бул. Степана Разина, д. 825 к. 636;РусВинил;Композитор;+7 (534) 542-07-94;bronislavzhdanov@hotmail.com;1983-11-20;127588
Семен Вилорович Родионов;Элиста;пер. Киевский, д. 8 стр. 2/2;Сони Электроникс (Sony);Биоинженер;+7 (390) 921-27-83;pankrat_84@gmail.com;1987-02-07;136592
Мартьян Данилович Фролов;Липецк;ул. Брянская, д. 955 к. 721;Прогресс;Радиотелефонист;+7 (802) 100-0473;kornilovaaleksandra@yandex.ru;1981-05-24;20346
Евсеев Руслан Викторович;Омск;ш. Стадионное, д. 418 к. 3;ФортеИнвест;Аллерголог;+7 170 253 8731;egorovefim@gmail.com;2001-07-28;89809
Ефрем Игоревич Блохин;Саянск;бул. Васильковый, д. 9/1 к. 980;Почта России;Упаковщик;+7 (227) 692-6229;tamara_2013@yandex.ru;1972-01-11;97091
Елисей Авдеевич Ермаков;Сургут (Хант.);пр. Свободный, д. 95 стр. 30;СДС Азот;Веб-программист;+72849297887;nifont13@mail.ru;1998-02-24;62279
Агата Станиславовна Наумова;Соль-Илецк;ш. Мусы Джалиля, д. 2/6 стр. 9/8;Металлсервис;Инфекционист;+79871985307;gerasim16@mail.ru;1963-05-12;45368
Максимильян Афанасьевич Данилов;Ирбит;бул. Мирный, д. 5/9;Командор-Холдинг;Фотограф;8 416 143 0747;filipp_2014@gmail.com;1952-05-01;152581
Мирон Владиславович Потапов;Северо-Курильск;пер. Азина, д. 82 к. 6/4;Фирма Агрокомплекс им. Ткачева;Мастер педикюра;+7 (379) 901-22-84;zuevkasjan@gmail.com;1964-09-22;40493
тов. Бобылев Ананий Адамович;Городовиковск;бул. Базарный, д. 3/8;Группа Полипластик;Борт-инженер;+7 (266) 587-74-81;strelkovluchezar@gmail.com;1968-10-03;75816
Дорофей Тихонович Бирюков;Прохладный;ш. Красных Партизан, д. 8;ТОАЗ;Инженер-взрывотехник;8 742 113 0875;ljubomir_2014@hotmail.com;1983-05-26;22883
Нина Тимуровна Чернова;Курск;пр. Вавилова, д. 8 к. 663;Совкомфлот;Мастер маникюра;+7 859 949 51 38;semenovratibor@hotmail.com;1964-07-04;149193
Евпраксия Евгеньевна Федорова;Жиганск;пр. Ясный, д. 59;Трубная грузовая компания;Мясник;+7 543 161 41 19;baranovjaroslav@gmail.com;1975-01-28;45600
Доброслав Валерьевич Кулаков;Верхний Тагил;алл. Физкультурная, д. 7/1 к. 83;ПСК;Оператор коллцентра;+75769326691;vikenti_72@hotmail.com;1997-10-01;30223
Петров Клавдий Владленович;Двинской;алл. Лесная, д. 727 стр. 4/1;Л'Этуаль;Спортивный врач;8 (755) 305-1723;isa_1997@hotmail.com;1991-12-01;92938
Феврония Васильевна Устинова;Бузулук;пр. Орловский, д. 93;М Фэшн;Юрисконсульт;+7 (337) 467-0286;hristofor_2003@hotmail.com;1953-10-20;182298
Всеслав Юльевич Михайлов;Моршанск;ул. Тюленина, д. 1/9 к. 4;Концерн Автоматика;Философ;8 (826) 365-84-90;ninel_1998@yandex.ru;1991-05-30;158669
Нонна Феликсовна Шарапова;Верхний Тагил;ш. Амурское, д. 67 стр. 532;Втормет;Иммунолог;+7 (594) 580-7308;hmakarova@yandex.ru;1961-11-19;63416
тов. Комаров Эраст Гордеевич;Кулу;пр. Олимпийский, д. 796 стр. 3;Техинком;Табаковод;83484098861;angelina90@yahoo.com;1962-08-06;181500
тов. Суханов Иван Фомич;Шуя;ул. Одесская, д. 8;Ростех;Штурман;8 (466) 529-70-36;agge99@yandex.ru;1995-01-28;185893
Леон Антонович Крылов;Северо-Курильск;бул. Гагарина, д. 2 к. 9;Стройтранснефтегаз;Грузчик;+7 849 676 07 60;zinovevkuprijan@gmail.com;1958-11-17;38843
Кир Еремеевич Воронцов;Кировск (Мурм.);ул. Береговая, д. 6/3 к. 417;Росжелдорпроект;Биохимик;83894393262;romanoveduard@gmail.com;1980-02-22;158142
Серафим Богданович Бобров;Шамары;алл. Совхозная, д. 29 стр. 9/5;Т2 РТК Холдинг;Энтомолог;85133269663;zpotapov@hotmail.com;1983-06-01;124234
Кудрявцев Федосий Герасимович;Северо-Курильск;наб. Верхняя, д. 915 к. 246;Свеза;Рихтовщик;86973582061;vlas_74@yahoo.com;1986-12-23;114056
Ираида Григорьевна Нестерова;Холмск;бул. Просвещения, д. 145 к. 880;ФосАгро;Конвоир;8 279 925 3301;tverdislav02@yandex.ru;1975-01-15;190608
Белова Екатерина Евгеньевна;Орел;алл. Восточная, д. 87 стр. 6/1;МегаФон;Психоневропатолог;+7 174 099 89 12;makar02@yahoo.com;1955-07-07;172322
Некрасов Игнатий Анатольевич;Серпухов;наб. Надежды, д. 3;Росжелдорпроект;Фармацевт;83597986218;rogovapelageja@gmail.com;1957-12-25;158122
Евгения Борисовна Белоусова;Губаха;пер. Сплавный, д. 635 к. 3/6;Сони Электроникс (Sony);Теолог;+7 013 944 41 79;jakovlevladimir@rambler.ru;1960-07-08;119227
Носкова Кира Аскольдовна;Энгельс;ул. Сельская, д. 9 стр. 337;Международный центр;Врач функциональной диагностики;8 (999) 519-74-44;fade_62@yahoo.com;1996-07-27;102875
Владилен Эдуардович Евдокимов;Учалы;пр. Морозова, д. 2 к. 807;ВТБ;Печатник;+7 403 318 6289;varfolome26@yahoo.com;1964-09-11;71584
Агафонова Анжелика Дмитриевна;Игнашино;пр. Высоцкого, д. 9/6 к. 531;Сибирская сервисная компания;Бортпроводник/стюард;80494788078;modest65@yandex.ru;1974-05-18;60794
Павлова Юлия Кузьминична;Кудымкар;ш. Парижской Коммуны, д. 52 стр. 796;Нижфарм (Nidda Midco);Организатор свадеб;+70681395106;samson46@mail.ru;1964-01-24;33145
Вениамин Ефимьевич Авдеев;Наро-Фоминск;пр. Цветочный, д. 3/2 стр. 154;Комацу СНГ (Komatsu);Маркитант;8 (416) 594-13-18;nekrasovtimofe@yahoo.com;1969-04-05;71671
Сидоров Глеб Харлампьевич;Моршанск;пр. Индустриальный, д. 2;Такеда Фармасьютикалс (Takeda Pharmaceutical);Имиджмейкер;+7 (881) 135-5637;aleksandr1986@rambler.ru;1985-08-28;147209
тов. Матвеев Виктор Владленович;Нурлат;пер. Щербакова, д. 399 к. 736;ДНС Групп;Оператор РЛС;+7 882 116 68 05;morozovjakub@rambler.ru;1961-09-17;180421
Надежда Анатольевна Федотова;Сусуман;бул. Брянский, д. 50;Самсунг Электроникс Рус Калуга (Samsung);Лимфолог;+79448234395;ivanna04@gmail.com;1994-02-22;132051
Рюрик Эдгардович Никифоров;Беслан;пр. Некрасова, д. 8;Магнолия;Механик;8 (425) 526-7110;rogovevstigne@yahoo.com;1984-09-13;56792
Милица Матвеевна Гущина;Тамбей;бул. Полярный, д. 2/4 стр. 537;Мазда Соллерс Мануфэкчуринг Рус;Футуролог;8 847 551 7107;teterinernest@hotmail.com;1973-01-26;29585
Юлий Авдеевич Ефремов;Кош-Агач;ш. Светлое, д. 103 стр. 450;ЭйчПи Инк (HP Inc.);Переводчик;+7 892 050 1960;taisija_53@hotmail.com;1982-09-13;186043
Харитонов Пров Викторович;Ноглики;пр. Мичурина, д. 1 стр. 16;Группа РТК;Учёный;80602850231;klavdija45@yandex.ru;1994-01-17;33994
Милица Владимировна Пестова;Городовиковск;бул. Таежный, д. 9/7 к. 877;Группа Стройтрансгаз;Мерчандайзер;+7 004 735 7678;evgraf35@gmail.com;1976-10-20;158601
Баранов Велимир Филатович;Гремячинск (Бурят.);ул. Широкая, д. 342;Мазда Соллерс Мануфэкчуринг Рус;Водитель;+7 531 404 12 47;kirillovavarvara@yandex.ru;1990-09-20;198849
Пахомов Егор Изотович;Хасавюрт;ш. Чехова, д. 86 к. 805;ВымпелКом;Нефролог;8 652 134 7307;tretjakovrodion@yandex.ru;2000-10-13;173522
Жанна Рудольфовна Максимова;Тамбей;ул. Новая, д. 5;Первый канал;Сапёр;85533520263;sisoevljubosmisl@rambler.ru;1990-10-05;84775
Зыкова Таисия Рубеновна;Рыльск;пр. Комсомольский, д. 994 к. 43;Таграс (ТНГ-Групп);Кинолог;+75139959533;volkovluka@yahoo.com;1976-04-08;28318
Дарья Эдуардовна Филатова;Сибай;бул. Вахитова, д. 2/3 стр. 12;Марвел КТ;Изобретатр;+7 (127) 950-7361;lavrenti56@yahoo.com;1983-08-11;165659
Парфен Арсеньевич Андреев;Ростов-на-Дону;бул. Дальний, д. 26 к. 8;Тинькофф Банк;Инженер-лесотехник;8 (408) 986-89-02;krasilnikovonufri@rambler.ru;1956-06-03;56560
Ладимир Ермилович Аксенов;Пушкин;пр. Шишкина, д. 203 к. 21;Мишлен (Michelin);Реставратор;8 555 158 90 36;efim_09@mail.ru;1959-08-11;51320
Януарий Филатович Попов;Кежма;ул. 8 Марта, д. 6/1;ММК;Физик;86562208585;efimovrjurik@mail.ru;1954-01-01;148803
Раиса Васильевна Панфилова;Наро-Фоминск;бул. Полевой, д. 2 к. 69;Банк ФК Открытие;Геодезист;8 710 344 59 51;maksimovjakub@gmail.com;1978-02-22;46929
Шестаков Евсей Филатович;Мончегорск;ш. Победы, д. 142 к. 1/7;ФосАгро;Редактор;8 (064) 136-61-03;fominaklavdija@gmail.com;1981-08-29;99780
Шашкова Зоя Александровна;Глазов;пер. Высоцкого, д. 934 к. 350;Независимая нефтегазовая компания;Сметчик;8 579 841 39 92;sokolovaakulina@yahoo.com;1972-01-28;159853
Кира Валентиновна Селезнева;Колпашево;алл. Лазурная, д. 3 стр. 87;Сургутнефтегаз;Биохимик;+71920006799;firs69@gmail.com;1962-08-01;57329
Варвара Степановна Михеева;Палана;ш. Металлургов, д. 179 к. 7;Уральские локомотивы;Гинеколог;84238305135;gedeon_1975@hotmail.com;2001-04-03;157958
Брагин Остромир Архипович;Верещагино (Перм.);пер. Дзержинского, д. 1;САМ-МБ;Детектив;81575239535;vasilevafinogen@mail.ru;1970-07-31;117809
Бурова Ангелина Аркадьевна;Нягань;пер. К.Маркса, д. 3 к. 576;Гала-Форм;Тюремный надзиратель;8 (659) 120-85-32;nuvarov@hotmail.com;1998-08-15;27643
Рогова Евпраксия Семеновна;Канск;наб. Черемуховая, д. 7/1 к. 11;Нижфарм (Nidda Midco);Лифтёр;8 (065) 343-4159;svetozar_1980@gmail.com;1952-05-31;129144
Ипполит Борисович Фомичев;Подольск;пр. 60 лет СССР, д. 93 стр. 2;Квадра;Кодер;8 123 954 13 05;marfa_15@gmail.com;1997-03-31;134792
Шарова Елизавета Мироновна;Усть-Ордынский;пер. Красногвардейский, д. 49;Свеза;Начальник склада;8 173 311 30 78;kallistrat_2015@yandex.ru;1994-06-20;73158
Матвеева Зоя Аркадьевна;Комсомольск-на-Амуре;бул. Школьный, д. 5 стр. 5;ВСК;Начальник гаупвахты;8 (807) 335-67-09;irina_2014@mail.ru;1958-08-22;83810
Борислав Ефимьевич Рожков;Бавлы;ш. Крупской, д. 906;Минудобрения;Инженер-строитель;+7 306 740 49 68;alekseevvadim@rambler.ru;1996-08-22;85824
Игнатова Ангелина Борисовна;Шенкурск;ш. Металлистов, д. 175 к. 5/5;ДК Рус;Химик-аналитик;85220552869;prohor1988@rambler.ru;2002-09-28;99193
Вениамин Давыдович Юдин;Анадырь;бул. Воровского, д. 1 стр. 28;АНГК;Филолог;+7 716 680 16 34;efremovanaina@mail.ru;1985-08-30;60028
Кузнецова Анжелика Евгеньевна;Магадан;бул. Некрасова, д. 2/8;Нортгаз;Веб-программист;8 (629) 897-5541;valerjan_91@yahoo.com;1973-01-27;152887
Моисей Елизарович Алексеев;Елатьма;ш. Станционное, д. 505 стр. 4;Вектрум-К;Инженер-системотехник;+72798011735;kkomissarov@rambler.ru;1975-09-09;119527
Хохлов Исидор Валерьянович;Йошкар-Ола;алл. Водопроводная, д. 7 к. 8/8;Петропавловск;Товаровед;8 775 095 92 91;oleg1985@yandex.ru;1968-02-01;87404
Викторин Аверьянович Захаров;Волгоград;пр. Железнодорожный, д. 40 стр. 3;Азур Эйр;Оператор вооружения;+7 427 609 15 65;sila1997@yandex.ru;1986-01-10;144730
Селиверстова Мария Харитоновна;Новороссийка;ул. Грибоедова, д. 2;Мобильные телесистемы;Бортмеханик;+7 859 853 3130;mihail10@gmail.com;2000-02-27;71657
Ерофей Якубович Соловьев;Ревда (Сверд.);пр. Целинный, д. 9/7 стр. 675;Полюс;Техник;8 (542) 384-9956;zuevsila@rambler.ru;1983-07-03;32853
Анна Павловна Максимова;Гатчина;алл. Флотская, д. 95 к. 7;Центр финансовых технологий;Сталевар;8 (460) 278-20-78;vseslav42@hotmail.com;1981-10-26;109739
Исакова Ирина Тимофеевна;Хасавюрт;ул. Курортная, д. 2/5 стр. 15;Российская телевизионная и радиовещательная сеть;Воспитатель;+7 828 950 21 82;turovaakulina@mail.ru;2000-01-19;172181
Ольга Степановна Крюкова;Калачинск;пр. Речной, д. 6;Авиакомпания ЮТэйр;Металлург;+7 643 351 30 13;averkiribakov@gmail.com;1956-03-20;166033
Радован Фомич Никитин;Верхний Тагил;ул. Малиновая, д. 607 к. 2;Ренейссанс Констракшн (Ronesans Holding Anonim Sirketi);Переводчик;+7 672 554 0241;mihalovaija@mail.ru;1989-12-13;82027
Панкрат Данилович Антонов;Всеволожск;пер. 1 Мая, д. 71 к. 9/6;НЛМК;Моторист;8 095 905 30 91;mihailkulakov@yahoo.com;1997-08-04;61983
Исакова Дарья Рудольфовна;Адыгейск;ш. Красное, д. 5 стр. 8;Технониколь;Артист цирка;8 (844) 729-3633;kornilovgerasim@gmail.com;1988-11-27;87519
Егоров Галактион Венедиктович;Новая Игирма;ул. Спартака, д. 7 стр. 7/3;Слата супермаркет;Парфюмер;+75770549664;innokenti_43@rambler.ru;1982-10-20;132471
Агап Феоктистович Якушев;Губаха;ш. Геологическое, д. 563 к. 3;Группа Илим;Психоневропатолог;8 (055) 787-14-11;nikifor52@mail.ru;1968-07-27;197824
Евстафий Денисович Беляев;Тосно;пер. Водопроводный, д. 6/3;Нефтетранссервис;Товаровед;8 (838) 426-18-53;dmitrievaevfrosinija@hotmail.com;1956-01-15;59848
Шашков Силантий Терентьевич;Омск;наб. Трактовая, д. 5/2;Мособлгаз;Проректор;8 450 741 25 35;vitalifrolov@hotmail.com;1999-04-11;39110
Харитонов Харлампий Герасимович;Елабуга;ш. Кирпичное, д. 3 к. 7;ВАД;Менеджер по работе с клиентами;87183491425;efrem1983@yahoo.com;1985-11-13;187935
Михеева Валентина Вадимовна;Дивногорск;ш. Правды, д. 903;Банк Санкт-Петербург;Музыкант;+75326041430;prov64@yahoo.com;1995-06-17;93734
Василиса Афанасьевна Зайцева;Качканар;ш. Песчаное, д. 439 к. 4/5;Щекиноазот;Промышленный альпинист;8 166 241 1626;knjazevalidija@hotmail.com;1991-05-28;33944
Юдин Евстафий Ефимович;Северодвинск;наб. Пограничная, д. 4 стр. 395;ГКНПЦ им. М.В.Хруничева;Инженер-электрик;8 840 934 18 21;marfa_84@hotmail.com;2002-01-14;30597
Оксана Петровна Селиверстова;Белый Яр (Томск.);ул. Войкова, д. 7 стр. 62;Лаборатория Касперского;Швейцар;+7 (297) 523-47-64;ermolafilatov@yandex.ru;1998-02-13;47100
Демьян Ильясович Яковлев;Льгов;бул. Черемуховый, д. 5 стр. 6/1;Петролеум Трейдинг;Военнослужащий;80709446033;kgrigorev@yandex.ru;1972-10-13;185371
Лучезар Иосифович Виноградов;Черский;наб. Космонавтов, д. 82 стр. 618;Мостотрест;Повар;8 231 396 8677;nikolaevparfen@yandex.ru;1984-03-27;174965
Евдокия Кузьминична Антонова;Мончегорск;пер. Шишкина, д. 73 стр. 4/4;Центральная пригородная пассажирская компания;Пограничник;8 (809) 498-0058;epoljakov@rambler.ru;2003-06-17;143979
Лавр Ааронович Кузьмин;Вязьма;ш. Толстого, д. 7/1;Еврохим;Химик-технолог;+7 576 565 51 32;eliseevevgeni@yahoo.com;1955-04-18;126585
Лукия Сергеевна Носова;Киров (Вятка);ш. Тополиное, д. 111;Группа УГМК;Адвокат;+73801637833;samson2008@hotmail.com;1977-06-16;137210
Святослав Дорофеевич Яковлев;Рыбинск;ул. ДОС, д. 3/9 стр. 6/7;Юг-Нефтепродукт;Телеграфист;8 (594) 388-3115;vissarion_1972@hotmail.com;1994-04-24;186369
Макаров Ладимир Валерьевич;Талдом;ул. Кольцова, д. 4/6 стр. 1;Евроцемент груп;Лимфолог;+7 349 325 1333;mokeorlov@yandex.ru;1988-07-20;132751
Гурьев Станислав Эдгарович;Назрань;алл. Демьяна Бедного, д. 9 к. 455;Группа Синара;Инженер-химик;8 (269) 447-97-13;arefistrelkov@hotmail.com;1968-04-19;61517
Жукова Таисия Робертовна;Пушкино (Моск.);наб. Ленина, д. 5;QIWI;Инженер-технолог;82326763354;ernestzinovev@hotmail.com;1963-02-03;96432
Маргарита Петровна Овчинникова;Онега;пр. 40 лет Октября, д. 819;Зерно-трейд;Грузчик;+7 (811) 758-71-36;orest1971@rambler.ru;1963-01-13;62955
